representation,acc,f1_macro,auc_macro_ovr
Original concatenated,0.35,0.369047619047619,0.7604347572362278
Meta-Fusion latent,0.25,0.2022675736961451,0.5967107106000294
