representation,ARI,NMI
Original concatenated,0.169517293804637,0.5730829046270349
Meta-Fusion latent,0.02668572790088158,0.5063397438205347
